id,ime,priimek,email,geslo
1,Miha,Novak,miha.novak@gmail.com,9dZc2RtB
2,Anja,Kranjc,anja.kranjc@gmail.com,L0b7PxGq
3,Tomaž,Zupan,tomaz.zupan@gmail.com,mZ6xwB3P
4,Nina,Kovačič,nina.kovacic@gmail.com,V2tL9eH5
5,Luka,Potočnik,luka.potocnik@gmail.com,D5gC3qHt
6,Maja,Hočevar,maja.hocevar@gmail.com,Pc7JmLx9
7,Grega,Zupančič,grega.zupancic@gmail.com,qE8fT3yR
8,Petra,Kastelic,petra.kastelic@gmail.com,K9mNh4Wb
9,Uroš,Kos,uros.kos@gmail.com,Vr2Shm81
10,Simona,Kralj,simona.kralj@gmail.com,tM4fDB5v
11,Nejc,Golob,nejc.golob@gmail.com,Gp7XkE2z
12,Katja,Bizjak,katja.bizjak@gmail.com,hN3vQ1sT
13,Dejan,Zalar,dejan.zalar@gmail.com,Rz6pLm8E
14,Tina,Bavdek,tina.bavdek@gmail.com,B4uTwC7Y
15,Jure,Medved,jure.medved@gmail.com,wX9yDf2G
16,Urška,Kovač,urska.kovac@gmail.com,Yq5mTs1W
17,Rok,Mlakar,rok.mlakar@gmail.com,aJ4nKz8d
18,Barbara,Petrič,barbara.petric@gmail.com,oP6hL3fN
19,Matej,Mohorič,matej.mohoric@gmail.com,Z7cQm2Jr
20,Monika,Zajc,monika.zajc@gmail.com,Ue3xSh9L
21,Jan,Kosi,jan.kosi@gmail.com,bK2zT4Er
22,Petra,Žagar,petra.zagar@gmail.com,Cx8mHn6S
23,Andraž,Košir,andraz.kosir@gmail.com,V4pQf7zW
24,Klara,Rupnik,klara.rupnik@gmail.com,X9yGm5Fs
25,David,Majcen,david.majcen@gmail.com,yA2rKc6B
26,Alenka,Jug,alenka.jug@gmail.com,mQ3pJe5H
27,Filip,Majdič,filip.majdic@gmail.com,T7nD9yZq
28,Ines,Gorišek,ines.gorisek@gmail.com,E1gL5xHt
29,Domen,Zorec,domen.zorec@gmail.com,cM6fUh2w
30,Eva,Trček,eva.trcek@gmail.com,L8wYp3Xt
31,Matjaž,Sever,matjaz.sever@gmail.com,fS4kNq7H
32,Tamara,Burger,tamara.burger@gmail.com,rC2yZ8mT
33,Primož,Korošec,primoz.korosec@gmail.com,nR5hB3Ux
34,Jasna,Robnik,jasna.robnik@gmail.com,wG7kTz1e
35,Simon,Majer,simon.majer@gmail.com,Yc8Nq4Xj
36,Ula,Jankovič,ula.jankovic@gmail.com,S9fDm5Wy
37,Borut,Vidmar,borut.vidmar@gmail.com,vT2gQ6bS
38,Bojana,Marolt,bojana.marolt@gmail.com,K7wUe3Lx
39,Gašper,Lipnik,gasper.lipnik@gmail.com,hF5nR1oQ
40,Ajda,Gabrovšek,ajda.gabrovsek@gmail.com,pE8vZ6Fa
41,Sebastjan,Ambrožič,sebastjan.ambrozic@gmail.com,N3sCk7Vm
42,Neja,Hrovat,neja.hrovat@gmail.com,zQ4tD1Yu
43,Tilen,Jaklič,tilen.jaklic@gmail.com,M8hBv5E3
44,Tjaša,Kresnik,tjasa.kresnik@gmail.com,qY6xZ9mL
45,Matic,Bolha,matic.bolha@gmail.com,xU4nL1Tr
46,Melita,Selan,melita.selan@gmail.com,F3dKz7yQ
47,Klemen,Repnik,klemen.repnik@gmail.com,eH6sO4Ja
48,Mojca,Planinšek,mojca.planinsek@gmail.com,Z1fQw8cP
49,Roman,Teržan,roman.terzan@gmail.com,W7rCj4m2
50,Lea,Klemenčič,lea.klemencic@gmail.com,jN9vK6Sd
51,Julijan,Sluga,julijan.sluga@gmail.com,tG3zF5bY
52,Maruša,Krivec,marusa.krivec@gmail.com,uQ8yHc1D
53,Blaž,Bratovž,blaz.bratovz@gmail.com,A2cKx9rT
54,Helena,Fabjan,helena.fabjan@gmail.com,P5vNq7bJ
55,Kristjan,Drnovšek,kristjan.drnovsek@gmail.com,L1gCz4aW
56,Tjaša,Pavlin,tjasa.pavlin@gmail.com,sY7Hn5mE
57,Matija,Planinc,matija.planinc@gmail.com,D9qXb2Uv
58,Tea,Kogovšek,tea.kogovsek@gmail.com,gT4mJz8K
59,Erik,Tomšič,erik.tomsic@gmail.com,H3sFv1nB
60,Bernarda,Božič,bernarda.bozic@gmail.com,kQ9rL5pV
61,Jaka,Bregant,jaka.bregant@gmail.com,wZ6jE3yR
62,Urška,Marinšek,urska.marinsek@gmail.com,bU8mH2cS
63,Gregor,Pušnik,gregor.pusnik@gmail.com,pA7gKz4F
64,Tina,Cestnik,tina.cestnik@gmail.com,C9yR1n5d
65,Žan,Hren,zan.hren@gmail.com,Y5bSg2Hx
66,Katarina,Durjava,katarina.durjava@gmail.com,fT3lD7sQ
67,Urban,Simčič,urban.simcic@gmail.com,oH1pQ6Mw
68,Pia,Hotko,pia.hotko@gmail.com,sK8vE4Jz
69,Boštjan,Hrvatin,bostjan.hrvatin@gmail.com,xN6dT3yW
70,Valerija,Rogelj,valerija.rogelj@gmail.com,rW4bF9qH
71,Tim,Erjavec,tim.erjavec@gmail.com,zC8tK1Lp
72,Maša,Strmec,masa.strmec@gmail.com,V3yHn5aX
73,Lovro,Božič,lovro.bozic@gmail.com,T5qLw7Pd
74,Veronika,Miklavec,veronika.miklavec@gmail.com,wM1kF4Se
75,Bine,Rebolj,bine.rebolj@gmail.com,L4eNn2Jv
76,Zala,Breg,zala.breg@gmail.com,gZ9yS6hQ
77,Bor,Fras,bor.fras@gmail.com,nB1rC7pD
78,Manca,Pernek,manca.pernek@gmail.com,X2mzj5gT
79,Andrej,Strajnar,andrej.strajnar@gmail.com,h6WbE3yP
80,Kaja,Colnar,kaja.colnar@gmail.com,pK8nZ1qR
81,Marko,Glinšek,marko.glinsek@gmail.com,G7xM3sHf
82,Teja,Žibert,teja.zibert@gmail.com,D2vY6zNt
83,Danijel,Bevc,danijel.bevc@gmail.com,cS9wE5bK
84,Karin,Ramšak,karin.ramsak@gmail.com,Z5yFh3Ra
85,Aleš,Romih,ales.romih@gmail.com,mB6gN1St
86,Nuša,Babič,nusa.babic@gmail.com,qD3nK7zV
87,Damjan,Hauptman,damjan.hauptman@gmail.com,E8sM4wFx
88,Laura,Eržen,laura.erzen@gmail.com,yH1rT6qb
89,Kristina,Planinšek,kristina.planinsek@gmail.com,U4mZ5vGY
90,Ivan,Zapušek,ivan.zapusek@gmail.com,A7bS1Xfh
91,Darina,Marolt,darina.marolt@gmail.com,vT5wY3Cd
92,Robert,Oblak,robert.oblak@gmail.com,gQ4bM2Hz
93,Natalija,Bernik,natalija.bernik@gmail.com,B9sN5uDv
94,Sebastijan,Kosi,sebastijan.kosi@gmail.com,K1yFh7cQ
95,Leja,Kostanjšek,leja.kostanjsek@gmail.com,zW3bR8Mn
96,Boštjan,Kavčič,bostjan.kavcic@gmail.com,d8qVn2Tj
97,Saša,Starc,sasa.starc@gmail.com,Z4kfC5yW
98,Iztok,Koder,iztok.koder@gmail.com,h7bH3tNC
99,Neja,Prelog,neja.prelog@gmail.com,rV1yq9Pg
100,Lan,Petrovič,lan.petrovic@gmail.com,S6mDw2bY
